person_name,person_subjective,person_possessive,person_objective
Liam,he,his,him
Noah,he,his,him
William,he,his,him
James,he,his,him
Logan,he,his,him
Benjamin,he,his,him
Mason,he,his,him
Elijah,he,his,him
Oliver,he,his,him
Jacob,he,his,him
Lucas,he,his,him
Michael,he,his,him
Alexander,he,his,him
Ethan,he,his,him
Daniel,he,his,him
Matthew,he,his,him
Aiden,he,his,him
Henry,he,his,him
Joseph,he,his,him
Jackson,he,his,him
Samuel,he,his,him
Sebastian,he,his,him
David,he,his,him
Carter,he,his,him
Wyatt,he,his,him
Jayden,he,his,him
John,he,his,him
Owen,he,his,him
Dylan,he,his,him
Luke,he,his,him
Gabriel,he,his,him
Anthony,he,his,him
Isaac,he,his,him
Grayson,he,his,him
Jack,he,his,him
Julian,he,his,him
Levi,he,his,him
Christopher,he,his,him
Joshua,he,his,him
Andrew,he,his,him
Lincoln,he,his,him
Mateo,he,his,him
Ryan,he,his,him
Jaxon,he,his,him
Nathan,he,his,him
Aaron,he,his,him
Isaiah,he,his,him
Thomas,he,his,him
Charles,he,his,him
Caleb,he,his,him
Josiah,he,his,him
Christian,he,his,him
Hunter,he,his,him
Eli,he,his,him
Jonathan,he,his,him
Connor,he,his,him
Landon,he,his,him
Adrian,he,his,him
Asher,he,his,him
Cameron,he,his,him
Leo,he,his,him
Emma,she,her,her
Olivia,she,her,her
Ava,she,her,her
Isabella,she,her,her
Sophia,she,her,her
Charlotte,she,her,her
Mia,she,her,her
Amelia,she,her,her
Harper,she,her,her
Evelyn,she,her,her
Abigail,she,her,her
Emily,she,her,her
Elizabeth,she,her,her
Mila,she,her,her
Ella,she,her,her
Avery,she,her,her
Sofia,she,her,her
Camila,she,her,her
Aria,she,her,her
Scarlett,she,her,her
Victoria,she,her,her
Madison,she,her,her
Luna,she,her,her
Grace,she,her,her
Chloe,she,her,her
Penelope,she,her,her
Layla,she,her,her
Riley,she,her,her
Zoey,she,her,her
Nora,she,her,her
Lily,she,her,her
Eleanor,she,her,her
Hannah,she,her,her
Lillian,she,her,her
Addison,she,her,her
Aubrey,she,her,her
Ellie,she,her,her
Stella,she,her,her
Natalie,she,her,her
Zoe,she,her,her
Leah,she,her,her
Hazel,she,her,her
Violet,she,her,her
Aurora,she,her,her
Savannah,she,her,her
Audrey,she,her,her
Brooklyn,she,her,her
Bella,she,her,her
Claire,she,her,her
Skylar,she,her,her
Lucy,she,her,her
Paisley,she,her,her
Everly,she,her,her
Anna,she,her,her
Caroline,she,her,her
Nova,she,her,her
Genesis,she,her,her
Emilia,she,her,her
Kennedy,she,her,her
Samantha,she,her,her
Maya,she,her,her
